N,delta_opt,bounded_subgrad,minimax_rate
2,0.0,0.5278214039126654,0.4082482904638631
3,0.0,0.42708327814723734,0.35355339059327373
4,0.0,0.36895115973994985,0.31622776601683794
5,0.0,0.33000067317542414,0.2886751345948129
6,0.0,0.30147163017150036,0.2672612419124244
7,0.0,0.2793702381858868,0.25
8,0.0,0.26157403600554874,0.23570226039551587
9,0.0,0.24683327354883416,0.22360679774997896
10,0.0,0.23435645027888177,0.21320071635561041
