N,delta_opt,bounded_subgrad,minimax_rate
2,0.0,0.5278214414990594,0.4082482904638631
3,0.0,0.4270832980397094,0.35355339059327373
4,0.0,0.3689512131624845,0.31622776601683794
5,0.0,0.33000069109348795,0.2886751345948129
6,0.0,0.30147150321062455,0.2672612419124244
7,0.0,0.27937030574153543,0.25
8,0.0,0.2615740644025223,0.23570226039551587
9,0.0,0.24683333866764065,0.22360679774997896
10,0.0,0.23435638208871828,0.21320071635561041
