Complexity,Loss,Equation
1,0.028381146,"0.36881253"
3,0.01179207,"0.81386465 - x0"
4,0.006098135,"exp(-0.5450252 - x0)"
5,0.0015531153,"1.6262308 - (1.6412512 ^ x0)"
6,0.0012919208,"0.5844169 - exp(-0.6721292 / x0)"
7,0.00045590036,"(0.11781424 ^ x0) * (x0 ^ 0.124670394)"
8,0.00011214206,"(x0 - exp(-0.0021712482 / x0)) / -1.4636694"
9,9.613513e-5,"((0.68294 / (x0 + 0.0027108693)) + -0.67576677) * x0"
11,1.5474281e-5,"(x0 ^ 0.94021964) * ((0.62125325 / (x0 + 0.0054869833)) + -0.590011)"
13,1.25414845e-5,"((x0 ^ 0.9395594) + 0.0004366319) * ((0.62314 / (x0 + 0.006173665)) + -0.5928492)"
15,1.2340028e-5,"(((x0 ^ 0.93956304) / 1.002414) + 0.00039572676) * ((0.6238629 / (x0 + 0.0060900035)) + -0.5928499)"
19,1.2314771e-5,"((0.6239268 / (x0 + 0.0061007403)) + -0.5928499) * (((x0 ^ 0.93956304) + ((x0 / 1.0028208) + 0.00039550904)) - x0)"
